id,ip_address,port
1,170.129.51.3,7091
2,201.164.157.146,8446
3,151.4.81.32,0977
4,228.70.72.85,8173
5,71.96.137.81,4085
6,255.238.187.172,2162
7,33.164.172.103,4542
8,215.20.221.246,3382
9,10.9.14.54,4402
10,208.230.145.82,0417
11,119.231.75.98,5904
12,159.16.33.251,5732
13,175.3.89.187,4780
14,229.23.154.35,6692
15,5.143.145.229,9368
16,130.29.51.33,8852
17,192.62.130.2,5564
18,92.237.7.60,3884
19,105.41.131.217,7968
20,74.132.218.208,0397
21,187.77.13.83,5462
22,191.97.243.100,6567
23,100.12.28.68,4013
24,2.89.150.154,1779
25,219.246.146.173,7825
26,26.74.167.210,1914
27,47.135.119.43,4086
28,182.172.46.189,6133
29,5.201.40.168,3644
30,64.105.46.216,6198
31,139.96.95.243,8383
32,81.151.195.144,3391
33,246.41.52.112,7931
34,85.57.225.87,9960
35,95.47.57.95,9238
36,62.73.242.234,4848
37,185.12.20.3,4609
38,157.24.176.133,8936
39,169.44.95.137,1206
40,39.166.178.42,0837
41,89.143.248.236,3428
42,150.108.248.36,6948
43,215.62.146.188,9380
44,137.122.196.226,3366
45,122.182.45.13,0981
46,4.137.255.93,1754
47,244.100.44.164,7622
48,144.182.91.71,3413
49,144.132.143.184,1200
50,16.123.117.243,1404
51,219.31.227.22,8445
52,164.137.255.154,7067
53,188.203.218.57,2979
54,121.170.71.37,4329
55,214.177.98.5,2351
56,140.237.134.20,9330
57,8.16.207.215,9093
58,102.68.134.37,4926
59,25.35.119.96,7727
60,123.68.56.15,1134
61,107.101.39.238,3231
62,30.79.65.105,8022
63,67.98.237.210,8098
64,137.194.181.21,3252
65,85.100.216.224,3234
66,57.173.252.37,0168
67,49.133.190.99,5133
68,83.213.204.186,6507
69,22.130.101.117,2389
70,83.112.125.179,2831
71,120.86.135.177,1930
72,211.80.125.227,3635
73,209.49.115.81,9219
74,126.224.107.90,0701
75,228.247.127.194,5136
76,245.112.192.229,4906
77,219.111.181.189,1814
78,50.2.86.253,8444
79,201.60.90.19,0460
80,133.140.34.123,7414
81,81.110.145.79,2389
82,92.15.22.245,8500
83,181.140.192.221,7820
84,39.13.147.229,5653
85,244.128.37.197,4622
86,207.214.224.104,6864
87,148.8.54.141,7122
88,142.230.28.203,1694
89,22.188.70.9,5237
90,227.153.189.141,3829
91,75.208.66.146,2832
92,149.48.189.59,2806
93,86.150.140.202,1752
94,185.15.166.227,9658
95,206.157.51.245,0081
96,135.90.142.147,0671
97,151.48.212.214,6634
98,140.252.81.153,0163
99,11.68.132.225,1862
100,32.46.159.39,2328
101,34.149.252.168,4003
102,207.238.14.86,7142
103,72.99.169.62,2375
104,171.55.144.196,9945
105,157.197.75.199,0641
106,119.46.232.206,7739
107,149.121.62.2,2791
108,103.65.170.153,5520
109,27.10.249.146,6561
110,28.15.202.54,5152
111,253.82.29.231,8538
112,244.59.238.170,9916
113,152.36.235.77,4888
114,41.43.185.23,8629
115,130.238.146.141,3251
116,215.128.166.83,3284
117,178.156.146.67,9828
118,122.82.7.109,9696
119,205.10.49.170,3694
120,181.55.223.7,6476
121,1.243.56.104,1691
122,16.183.103.50,5274
123,253.38.198.32,0212
124,222.65.252.102,0740
125,202.252.100.5,9471
126,185.51.250.188,9532
127,151.112.149.104,4393
128,157.225.228.147,7887
129,29.135.33.71,7161
130,57.59.130.20,8774
131,156.147.225.101,8755
132,199.60.124.73,9603
133,51.161.64.55,8313
134,107.36.183.108,3095
135,6.180.52.1,7190
136,116.147.210.52,6577
137,21.163.222.197,5620
138,8.98.225.66,6206
139,182.165.237.176,6339
140,190.152.212.236,5215
141,234.45.248.212,1232
142,212.3.214.202,5674
143,5.76.232.4,0653
144,35.53.40.133,0204
145,250.99.224.1,0399
146,202.35.47.219,1136
147,126.139.21.145,1217
148,14.144.76.27,4246
149,46.233.161.21,7958
150,129.157.121.183,1292
151,27.247.71.69,5594
152,243.31.201.85,8824
153,78.165.165.232,6810
154,52.127.87.51,2792
155,145.169.16.152,3203
156,198.21.15.181,9990
157,201.247.28.63,1093
158,208.104.24.138,1075
159,28.90.125.13,4017
160,107.63.28.7,7198
161,178.49.92.70,0652
162,62.50.117.196,4780
163,96.117.240.143,5908
164,126.11.202.224,6366
165,56.117.157.241,9873
166,61.73.65.6,2277
167,146.119.43.70,7497
168,115.13.62.134,3843
169,62.28.251.116,6121
170,32.138.226.82,7088
171,205.162.15.4,2909
172,209.129.170.20,2093
173,63.163.239.59,3133
174,81.80.90.147,3455
175,132.14.167.64,0821
176,39.239.235.179,7984
177,100.252.117.15,4996
178,121.96.177.238,1232
179,210.34.181.16,2899
180,166.23.79.173,4062
181,89.161.163.65,7120
182,166.149.65.143,5426
183,1.248.93.109,5147
184,237.240.168.84,3177
185,138.239.229.250,4195
186,156.23.30.56,3553
187,135.50.109.14,3338
188,134.206.182.193,5916
189,237.77.202.144,4442
190,241.13.150.113,6094
191,74.223.12.121,7131
192,118.129.158.113,8884
193,160.228.191.164,1041
194,124.38.65.200,2013
195,234.243.108.39,6416
196,129.228.95.207,0368
197,230.186.185.39,2768
198,197.206.154.131,9673
199,120.221.60.217,1083
200,110.27.205.182,7625
201,144.233.38.24,3536
202,193.149.208.224,2670
203,68.105.44.227,1374
204,142.49.20.166,7367
205,170.74.142.76,7013
206,170.167.145.111,0867
207,69.55.247.36,5074
208,183.159.114.139,6989
209,173.187.170.186,6885
210,37.18.22.246,2494
211,140.213.106.189,2859
212,3.9.164.252,8324
213,160.21.4.60,9393
214,36.200.57.91,8808
215,127.111.175.188,8467
216,56.151.232.184,2042
217,127.152.165.226,2652
218,188.110.181.151,7958
219,254.14.207.62,7773
220,224.227.183.110,0654
221,46.101.37.28,9112
222,85.226.26.141,0097
223,40.27.69.60,3864
224,0.170.74.190,7988
225,121.135.45.56,6211
226,165.31.119.7,1791
227,28.119.11.103,6550
228,160.200.154.130,6070
229,221.248.235.108,1265
230,71.26.211.15,5495
231,56.35.110.226,7412
232,139.76.8.80,3689
233,121.208.75.249,4377
234,64.75.165.84,2061
235,229.108.15.141,6873
236,142.113.11.13,7817
237,99.229.182.238,9171
238,173.34.147.61,1994
239,114.105.107.97,5896
240,242.31.129.104,6514
241,170.89.5.12,0840
242,216.202.64.158,7193
243,234.22.253.29,6595
244,237.162.15.8,8466
245,105.194.255.64,9121
246,45.170.140.24,3878
247,116.202.75.133,1061
248,59.216.185.18,4696
249,109.167.91.147,6759
250,216.72.43.30,0651
251,33.163.102.47,8892
252,40.162.16.15,8870
253,94.123.17.89,2993
254,120.243.86.65,1762
255,69.207.38.139,9404
256,146.170.176.50,9292
257,226.248.177.131,3880
258,59.234.35.147,6584
259,80.128.111.193,5926
260,150.89.101.160,3689
261,90.13.27.204,0268
262,222.166.54.104,3255
263,51.195.5.120,9595
264,228.194.171.211,4843
265,120.145.52.219,1990
266,15.63.115.233,4425
267,28.189.23.53,8317
268,51.242.82.100,7772
269,231.210.117.94,2634
270,83.74.136.159,7890
271,5.82.236.143,2543
272,162.15.197.153,6709
273,58.125.122.102,5796
274,40.188.4.251,2744
275,142.118.91.140,7325
276,240.239.46.10,8945
277,42.0.46.59,9786
278,90.166.25.30,3693
279,31.10.35.247,6088
280,155.7.232.202,4528
281,120.67.24.152,9397
282,84.60.113.189,3075
283,88.137.40.22,9078
284,226.17.122.101,1455
285,255.20.206.178,9510
286,166.92.130.133,5149
287,66.78.225.169,3794
288,35.22.51.84,7808
289,98.185.156.247,3401
290,141.45.131.52,5506
291,221.238.217.228,4818
292,170.235.37.205,1869
293,249.81.6.221,6909
294,92.35.214.203,3782
295,68.63.179.204,8074
296,210.30.37.211,0533
297,72.3.2.160,3617
298,229.68.251.99,8243
299,51.149.41.249,1544
300,168.166.110.137,3345
301,174.254.47.113,4562
302,195.254.113.99,6240
303,197.119.86.187,3857
304,24.231.66.122,2955
305,128.229.77.202,2736
306,129.170.182.112,0054
307,86.206.97.100,0828
308,235.241.40.147,3040
309,71.192.67.85,5971
310,135.51.36.94,3513
311,39.62.53.84,2177
312,169.140.220.55,4850
313,150.170.88.120,3383
314,142.69.198.33,9992
315,153.87.179.159,8901
316,39.39.166.213,4942
317,105.213.77.21,9034
318,18.4.105.80,3677
319,237.254.233.121,0658
320,72.241.40.105,3365
321,56.2.114.128,3921
322,224.135.167.106,0517
323,82.60.26.5,1848
324,204.242.12.130,6927
325,194.13.10.111,6915
326,112.218.67.195,3501
327,202.129.62.135,8743
328,178.189.31.239,4778
329,159.223.41.222,5626
330,194.141.216.20,5631
331,113.40.237.34,9627
332,34.118.189.228,3062
333,243.0.117.100,6238
334,158.17.20.15,4409
335,153.193.62.50,5525
336,14.226.251.161,7817
337,91.195.80.161,0106
338,194.66.238.227,1175
339,127.40.155.134,7934
340,232.135.246.249,8705
341,49.30.89.231,7091
342,49.155.113.204,0870
343,190.9.82.231,1040
344,125.194.11.204,3226
345,123.10.79.227,3490
346,29.51.155.163,3117
347,84.86.8.169,7277
348,219.15.220.174,4465
349,9.87.146.132,0670
350,40.131.126.142,2610
351,86.12.250.253,4782
352,41.0.28.134,4815
353,52.1.127.74,0800
354,230.160.173.185,7767
355,17.232.25.194,6463
356,153.111.32.62,7817
357,65.61.217.223,6539
358,239.58.188.10,7330
359,132.199.122.94,9099
360,155.99.178.188,4850
361,198.234.171.85,9625
362,158.18.194.230,6791
363,18.120.180.1,4001
364,245.232.153.44,4455
365,104.195.7.203,3534
366,227.241.224.221,3830
367,48.243.126.99,2720
368,135.223.25.63,0002
369,196.105.75.168,6477
370,29.22.180.150,8541
371,209.51.51.71,1631
372,35.10.136.169,0813
373,177.187.76.221,6483
374,21.95.224.177,0957
375,119.68.187.180,3253
376,169.19.29.248,0872
377,7.160.106.150,1308
378,201.85.220.121,8642
379,59.156.62.31,8418
380,84.243.96.215,2731
381,212.78.44.161,6655
382,67.248.210.126,5862
383,86.248.240.172,1557
384,34.180.245.194,9680
385,239.213.197.245,6574
386,49.97.97.151,3531
387,8.112.109.247,7169
388,152.157.12.81,6361
389,184.152.9.124,2770
390,119.69.208.208,9547
391,98.250.135.213,1691
392,15.43.159.124,6327
393,106.229.207.191,6698
394,54.34.175.234,2790
395,108.26.160.32,3255
396,233.15.198.107,7242
397,92.216.211.233,1859
398,55.8.17.183,3957
399,162.122.53.87,4462
400,29.12.169.46,6635
401,55.179.183.82,2773
402,225.138.237.234,6947
403,223.29.98.200,7054
404,212.45.6.169,1996
405,76.111.193.207,1295
406,95.81.35.123,9249
407,227.47.235.75,8098
408,22.190.241.85,4651
409,111.26.150.111,4659
410,108.144.232.24,8120
411,114.42.252.54,8126
412,6.73.224.164,2694
413,244.138.74.73,5872
414,60.192.239.74,9095
415,80.149.42.234,8053
416,120.131.71.202,5487
417,149.25.79.222,2592
418,77.110.227.129,0061
419,177.83.89.107,3565
420,125.254.174.1,3421
421,225.232.212.77,6852
422,169.22.201.207,6655
423,156.146.136.64,7851
424,117.227.26.63,6685
425,26.162.99.189,1946
426,51.132.80.86,3630
427,12.242.117.23,0128
428,42.148.182.108,1697
429,66.148.225.64,9800
430,48.44.254.173,0760
431,115.73.43.179,1012
432,243.81.123.151,8912
433,128.191.252.155,6912
434,175.55.71.118,1927
435,220.52.52.228,8731
436,170.175.43.165,6226
437,159.201.187.123,0663
438,227.238.93.200,6622
439,152.182.155.34,8249
440,184.221.210.77,4365
441,114.124.210.120,7277
442,69.86.19.83,9209
443,5.167.143.140,9973
444,31.37.76.134,2633
445,141.186.13.101,4827
446,147.73.135.78,5748
447,143.56.162.150,0919
448,189.218.102.73,1980
449,74.199.44.64,9779
450,28.3.99.40,2807
451,224.25.56.82,3930
452,72.253.67.191,6494
453,229.253.169.212,1061
454,86.171.104.181,2693
455,34.214.199.2,6204
456,212.225.137.163,8534
457,140.107.210.108,2851
458,156.193.197.67,3676
459,84.120.158.41,5011
460,111.94.63.83,4849
461,34.184.84.43,5090
462,110.40.3.113,7112
463,6.214.185.137,4093
464,3.200.112.50,0663
465,78.66.115.163,5016
466,229.24.1.85,6642
467,164.201.50.121,6657
468,5.7.119.25,3454
469,214.76.121.69,2364
470,191.88.230.42,6301
471,26.187.146.135,3697
472,6.114.65.166,0176
473,141.145.29.246,1918
474,167.236.97.247,4555
475,186.125.53.10,1831
476,65.254.39.254,6399
477,121.46.179.98,8323
478,217.128.189.240,3926
479,67.52.35.170,6628
480,59.137.48.233,3203
481,6.224.214.235,2123
482,101.59.195.9,5871
483,216.84.154.138,6709
484,150.160.93.118,2856
485,153.145.192.126,2123
486,11.180.47.194,9439
487,107.170.32.245,7245
488,94.31.195.143,0809
489,100.213.204.31,6948
490,118.61.107.27,6932
491,161.8.12.40,9138
492,170.21.249.239,9362
493,90.81.149.23,5818
494,204.87.205.77,3302
495,205.224.115.149,8221
496,89.42.31.74,1241
497,224.133.175.213,3517
498,248.238.124.191,8370
499,49.75.20.19,0793
500,162.255.153.77,6108
501,79.154.145.137,6009
502,53.227.219.121,2045
503,239.82.19.152,0890
504,189.160.116.207,7906
505,105.139.91.138,9919
506,77.22.235.31,4309
507,209.29.122.143,0224
508,182.9.156.236,8125
509,246.154.221.120,0284
510,149.214.0.193,7124
511,102.128.166.44,0956
512,48.111.105.128,7362
513,63.64.99.134,7403
514,95.218.9.113,0067
515,151.241.114.162,4635
516,157.180.231.167,6234
517,185.30.131.96,6673
518,141.185.214.183,7411
519,61.213.246.113,5039
520,176.191.76.210,9403
521,35.144.113.167,9368
522,34.174.25.164,3358
523,116.166.156.219,6997
524,216.239.221.250,2295
525,139.89.45.213,6755
526,110.48.146.191,4579
527,12.168.180.212,3742
528,125.157.106.46,6423
529,149.95.104.247,9270
530,20.143.17.9,1626
531,200.18.37.24,0170
532,187.128.250.79,6304
533,100.112.7.242,2719
534,181.27.250.142,5400
535,204.121.87.20,3011
536,54.10.106.228,7626
537,156.4.187.161,7212
538,127.60.156.144,0944
539,58.104.28.130,5995
540,168.139.27.104,7446
541,69.80.220.28,3618
542,9.82.2.212,2480
543,16.151.46.154,9568
544,87.155.44.24,8039
545,100.162.130.114,3232
546,185.121.158.47,2447
547,29.177.119.147,5359
548,65.115.180.70,2238
549,32.177.202.220,5845
550,25.98.44.104,1137
551,223.146.49.167,1755
552,12.201.178.160,2450
553,183.53.25.171,8332
554,211.191.123.8,9577
555,150.245.164.200,4257
556,92.180.55.37,8667
557,129.250.69.211,0478
558,241.12.121.199,3965
559,209.216.36.41,0490
560,68.235.136.132,6448
561,132.47.54.26,1824
562,20.32.186.78,1564
563,143.214.154.110,0683
564,58.63.235.19,3923
565,211.230.96.213,2135
566,212.213.174.135,1088
567,186.168.76.145,0290
568,219.122.222.147,0693
569,182.215.58.134,6863
570,214.78.222.62,9374
571,172.237.18.95,2172
572,17.102.232.119,7224
573,20.13.197.60,3838
574,20.35.35.75,9047
575,67.129.165.212,5575
576,125.229.22.109,0596
577,48.41.90.115,4347
578,70.244.35.234,8423
579,136.210.201.238,4499
580,92.128.215.166,5468
581,183.184.131.130,7961
582,173.59.36.55,3429
583,91.63.184.123,6771
584,158.200.146.212,9656
585,43.190.22.97,6134
586,141.137.177.69,4732
587,46.88.21.22,6904
588,53.149.243.110,6829
589,192.71.183.5,4955
590,167.121.192.194,5749
591,15.189.53.80,7722
592,210.225.102.84,9020
593,70.125.101.10,0683
594,237.37.216.210,5073
595,13.74.21.128,3600
596,212.39.160.166,3826
597,169.230.212.62,1609
598,191.177.124.218,2140
599,169.176.136.189,6042
600,5.214.118.143,7995
601,65.51.191.122,8736
602,161.24.131.202,2097
603,213.169.100.180,2304
604,89.152.114.211,8411
605,191.44.124.224,5758
606,242.135.240.16,3345
607,134.35.13.160,8587
608,210.189.1.134,0446
609,202.189.22.134,1200
610,144.229.35.117,7259
611,160.175.62.114,2615
612,122.64.54.113,4552
613,190.94.195.253,7372
614,58.154.99.78,8470
615,85.24.228.246,9077
616,235.113.162.7,0920
617,23.185.5.179,4504
618,44.53.87.200,7181
619,193.182.59.19,5399
620,140.106.57.107,6507
621,206.170.165.218,2930
622,182.40.4.173,4365
623,254.108.75.108,8867
624,161.150.44.161,3388
625,99.237.62.24,9606
626,0.33.17.9,3184
627,137.77.40.198,1165
628,82.219.79.148,5548
629,170.160.241.75,9197
630,176.136.201.174,8397
631,155.71.9.234,9791
632,68.131.143.37,1292
633,96.204.8.233,5679
634,214.3.148.177,5139
635,117.10.24.162,0985
636,223.19.69.249,0272
637,21.3.24.56,0305
638,197.80.155.176,2139
639,241.234.33.136,5284
640,2.227.52.41,8780
641,173.20.176.137,1308
642,116.141.81.255,8925
643,70.217.67.175,1343
644,199.10.8.47,1138
645,221.135.33.120,3973
646,165.0.167.5,3081
647,49.182.192.155,7297
648,181.90.176.84,6914
649,45.121.18.185,8589
650,193.242.183.201,7719
651,82.134.49.49,3827
652,81.173.182.109,5304
653,22.13.247.158,1499
654,87.136.197.5,0365
655,225.76.131.73,5572
656,25.12.42.27,7232
657,38.16.126.178,5023
658,158.65.164.187,7546
659,185.141.121.136,5886
660,108.8.95.216,6867
661,211.57.230.171,7618
662,42.110.182.16,6460
663,211.206.89.233,6821
664,241.199.99.54,0665
665,185.64.172.191,7974
666,54.134.47.81,5347
667,99.99.177.132,5090
668,66.25.255.22,3164
669,148.87.14.168,5887
670,142.128.124.111,4336
671,61.64.236.167,9120
672,245.227.56.7,2591
673,225.115.240.171,7287
674,83.130.143.107,6764
675,127.251.171.116,5813
676,167.220.126.223,5784
677,106.102.189.49,4604
678,241.210.234.210,9116
679,10.19.249.241,0399
680,164.228.143.251,5494
681,47.225.53.57,6208
682,14.190.1.233,1046
683,184.34.224.244,0787
684,206.117.222.212,5049
685,46.230.142.64,2437
686,153.151.231.36,5099
687,128.239.219.93,0182
688,186.1.171.72,2367
689,147.190.173.42,4360
690,159.152.177.151,7296
691,222.220.42.120,6652
692,210.42.171.26,3402
693,54.106.240.78,7974
694,47.209.167.127,3499
695,63.184.25.22,0080
696,207.198.124.47,3492
697,137.50.178.76,6772
698,96.57.46.100,4931
699,184.90.11.231,9512
700,200.116.97.57,6870
701,95.145.20.47,2579
702,88.115.61.108,7199
703,249.118.117.71,1498
704,117.217.215.12,5976
705,126.6.124.159,1878
706,78.112.55.127,3078
707,103.220.172.21,6274
708,207.11.9.125,8758
709,123.200.91.105,9047
710,244.23.216.222,4656
711,55.239.28.201,7634
712,172.210.74.129,2045
713,130.136.66.128,4377
714,65.39.158.87,5862
715,201.151.143.190,9612
716,156.137.5.32,4077
717,72.47.58.3,6674
718,18.41.247.181,2036
719,254.129.188.140,6648
720,149.78.96.251,0260
721,6.235.120.217,1449
722,157.8.231.199,8532
723,157.36.231.172,2506
724,132.157.210.141,7150
725,2.4.96.239,7631
726,184.33.38.240,4330
727,200.180.53.140,9319
728,129.132.122.111,6946
729,71.135.246.185,6079
730,7.36.251.130,6448
731,214.81.34.63,7142
732,22.218.19.104,5448
733,133.99.74.253,1129
734,166.67.233.67,3222
735,187.74.124.102,3524
736,234.131.148.13,0039
737,127.186.36.9,6133
738,134.194.4.234,4985
739,248.170.113.227,4839
740,114.222.176.5,1692
741,171.82.34.198,4307
742,209.49.213.24,8840
743,22.139.85.17,6458
744,55.27.27.57,7120
745,190.177.166.13,5405
746,66.185.115.125,6021
747,152.207.189.22,8958
748,89.23.60.202,9610
749,157.148.65.153,8955
750,253.34.7.90,1421
751,66.115.83.79,5482
752,251.62.101.128,8969
753,132.249.40.248,4659
754,0.78.248.143,4691
755,183.100.14.111,0386
756,166.91.219.113,4614
757,205.106.30.100,4291
758,140.155.221.87,3318
759,99.87.111.50,4511
760,56.241.171.77,9239
761,243.251.39.5,3213
762,162.225.49.52,7020
763,160.16.188.84,3257
764,247.218.242.201,5640
765,217.70.8.142,3802
766,182.148.48.192,5303
767,31.63.221.202,8439
768,226.179.21.212,7494
769,154.28.2.20,0397
770,35.150.240.74,4837
771,211.4.160.210,6866
772,48.37.30.157,1923
773,202.15.40.183,0524
774,14.81.86.238,3905
775,232.195.112.238,1317
776,178.80.123.5,6837
777,3.202.19.165,6340
778,214.232.189.83,6750
779,136.179.247.251,4873
780,54.7.15.192,5361
781,207.139.191.177,9125
782,161.104.72.205,5067
783,49.130.151.89,0322
784,20.70.233.14,1445
785,187.193.187.196,8449
786,171.233.22.45,4716
787,38.56.187.34,7004
788,84.225.49.78,5075
789,82.234.81.48,6688
790,6.231.17.212,7696
791,219.153.101.238,6553
792,142.219.108.57,7027
793,112.153.68.5,3796
794,89.36.134.12,7420
795,53.60.143.15,2260
796,156.171.10.0,9501
797,97.61.81.237,1063
798,208.37.152.185,5670
799,106.4.162.91,1270
800,95.118.169.217,0702
801,59.80.47.97,3409
802,50.144.161.163,0206
803,184.176.28.165,8400
804,119.94.61.122,9351
805,54.129.207.135,4239
806,222.113.50.14,2384
807,156.82.41.140,4922
808,86.3.140.59,9816
809,78.153.86.35,4067
810,79.50.50.28,9307
811,78.71.53.117,0565
812,210.207.190.97,0603
813,255.84.75.107,0676
814,50.2.58.96,7952
815,234.46.198.239,3031
816,15.228.14.169,4594
817,10.168.109.25,5574
818,196.72.27.213,8085
819,132.117.213.36,1005
820,160.154.129.248,1094
821,201.41.87.121,4265
822,40.214.220.40,5127
823,177.188.143.68,4208
824,91.24.145.176,1176
825,232.23.252.185,5120
826,117.17.62.217,8768
827,53.212.114.249,0351
828,33.147.241.105,8403
829,43.93.65.31,6793
830,247.137.63.17,2458
831,134.218.164.126,5346
832,193.12.31.215,6177
833,169.163.153.113,1194
834,49.220.151.121,7007
835,165.66.12.149,8424
836,47.127.222.48,7031
837,142.83.26.0,1115
838,49.60.14.74,4474
839,155.98.82.6,6378
840,102.219.137.52,9778
841,91.169.118.233,1298
842,162.207.207.67,3757
843,42.161.229.109,8856
844,206.232.162.60,7396
845,52.237.15.231,6452
846,186.63.134.114,2511
847,90.159.51.232,3659
848,238.127.252.215,6736
849,50.216.165.160,2707
850,168.123.46.139,3679
851,244.8.106.204,9211
852,97.203.53.31,7884
853,154.126.11.56,2193
854,192.82.198.244,2394
855,247.100.121.248,5142
856,24.194.115.115,7754
857,52.10.138.164,4368
858,84.206.209.15,2234
859,117.28.184.44,7899
860,250.190.22.254,8554
861,57.11.49.183,2860
862,54.187.5.151,4084
863,35.158.49.31,7343
864,87.203.59.34,3445
865,145.48.47.150,4112
866,251.225.131.178,7322
867,255.89.89.128,4219
868,40.215.16.121,5973
869,18.243.198.100,9579
870,66.104.205.144,3171
871,195.3.243.181,4348
872,188.28.83.166,8876
873,97.21.20.198,3487
874,133.77.152.149,6428
875,206.105.31.80,5116
876,96.138.119.230,1996
877,137.239.232.116,2984
878,232.88.243.255,1488
879,64.251.155.250,1752
880,77.133.6.34,3897
881,48.106.75.137,7510
882,6.115.151.234,5981
883,60.138.157.87,3889
884,68.12.188.149,0072
885,126.231.74.202,2751
886,241.60.106.89,5431
887,93.195.216.178,6951
888,134.58.121.101,4480
889,134.220.255.165,2949
890,215.130.93.184,5687
891,8.211.178.31,1745
892,33.82.67.216,3261
893,197.133.132.36,7567
894,78.10.19.127,8530
895,245.99.82.110,3580
896,226.106.69.163,1366
897,205.186.58.171,5198
898,97.69.238.176,2046
899,201.128.130.202,0405
900,53.22.8.177,2814
901,18.60.67.245,1644
902,19.69.125.187,7016
903,103.113.214.203,8901
904,38.95.137.151,8489
905,2.158.156.187,1240
906,191.70.155.114,4265
907,213.226.151.144,2060
908,124.230.84.141,6431
909,212.116.244.22,7878
910,170.197.155.82,9359
911,11.246.28.133,6405
912,140.29.199.142,2731
913,70.51.125.136,6582
914,123.110.164.202,0530
915,15.39.39.223,4818
916,208.104.195.146,6961
917,56.94.46.34,8994
918,245.148.27.47,6949
919,109.164.105.21,8766
920,154.149.8.90,3326
921,161.212.41.111,1219
922,149.156.149.22,2967
923,185.70.166.188,0679
924,146.41.56.105,5963
925,200.57.152.198,4276
926,232.131.128.203,0586
927,157.76.228.42,0733
928,208.6.47.161,1273
929,141.64.244.58,3952
930,142.150.202.203,2414
931,53.202.67.32,9818
932,132.193.207.236,9533
933,92.114.184.124,3854
934,0.228.47.36,4655
935,124.111.80.40,3644
936,209.207.235.22,6109
937,202.52.108.75,4906
938,142.46.154.112,0807
939,95.217.23.36,9046
940,22.101.65.227,4546
941,124.219.252.89,3924
942,22.14.52.196,9396
943,62.230.200.110,0297
944,51.168.5.49,3298
945,146.101.123.170,7163
946,251.97.105.216,6890
947,190.55.142.108,9630
948,55.70.194.188,7058
949,170.230.176.246,8143
950,148.48.234.147,8792
951,228.105.174.25,1675
952,237.235.110.212,1818
953,165.202.93.148,0501
954,123.197.135.230,2767
955,32.216.78.208,8290
956,122.29.245.65,3307
957,18.152.249.124,1796
958,158.145.63.238,0882
959,13.182.136.66,2189
960,13.161.246.34,7425
961,116.5.70.227,5798
962,163.10.191.233,8877
963,128.106.92.139,4491
964,158.158.166.139,2748
965,195.246.139.153,7534
966,173.122.178.97,7493
967,126.82.108.191,0029
968,115.174.228.104,6715
969,125.43.199.12,1897
970,81.124.113.176,5391
971,115.101.240.228,1159
972,140.144.12.184,5677
973,134.30.32.175,1315
974,9.109.115.185,6415
975,250.11.201.12,1629
976,71.118.62.52,9906
977,222.49.227.44,7119
978,228.162.156.66,3734
979,86.26.3.93,7587
980,179.20.100.207,8584
981,21.11.95.11,7707
982,10.60.105.252,9877
983,129.150.86.207,3407
984,39.187.228.213,8897
985,81.203.212.28,7129
986,214.216.225.109,2371
987,234.225.92.169,1657
988,231.75.119.192,8633
989,242.128.233.118,9829
990,44.207.49.80,1123
991,162.124.112.42,6318
992,215.44.149.115,0540
993,20.238.117.250,1667
994,102.153.73.222,4951
995,1.137.214.33,1311
996,235.143.197.10,4708
997,220.227.61.61,6345
998,187.156.33.185,6906
999,153.107.234.198,5243
1000,40.100.4.13,6718
