id,ip_address,username
1,64.40.105.22,tbogey0
2,4.138.203.217,arhule1
3,128.203.66.135,fgirdler2
4,66.97.231.66,gthew3
5,5.170.179.149,rendley4
6,186.121.249.85,acoils5
7,243.52.133.249,tdury6
8,60.23.116.70,mzold7
9,116.235.252.162,cjanczyk8
10,92.243.58.138,wfairbrace9
11,28.221.101.169,gclaphama
12,248.168.226.108,ccofaxb
13,232.45.137.197,dlasslettc
14,219.4.209.19,bbodilld
15,11.126.228.172,enutleye
16,90.241.155.226,cwaitf
17,225.69.148.52,crawleg
18,18.155.15.149,ablayh
19,10.152.204.4,ltomasinoi
20,211.168.124.77,sbromheadj
21,188.230.25.75,lboullink
22,48.37.145.241,gjahnsl
23,144.81.10.182,cskelbeckm
24,223.18.83.26,cchootern
25,187.57.172.119,ttaffurellio
26,221.203.216.126,cmcgeouchp
27,230.39.174.199,gmoriganq
28,10.124.209.226,wbabonaur
29,248.209.135.183,gmckerrows
30,113.88.178.131,wcicchinellit
31,19.179.60.151,rdownageu
32,19.149.144.83,knaultyv
33,11.248.119.96,cbougheyw
34,184.223.94.82,wshanksx
35,124.124.184.87,fmattheisseny
36,99.213.230.133,oclinkardz
37,92.211.75.209,tpagram10
38,3.115.62.44,galdersley11
39,207.27.96.226,nkloser12
40,181.49.34.150,sfayerbrother13
41,120.121.10.152,ckevane14
42,91.112.0.182,owhyberd15
43,190.5.7.11,mlemerie16
44,83.224.206.199,sscrowton17
45,21.87.251.167,cbackman18
46,247.171.249.190,mklebes19
47,86.203.71.141,tohickey1a
48,240.12.244.78,rrhucroft1b
49,254.82.254.179,ryoseloff1c
50,35.246.255.49,tsteinhammer1d
51,146.161.24.137,fchattaway1e
52,105.236.235.141,cshorey1f
53,16.147.86.62,ekarpf1g
54,65.166.118.138,tphillpotts1h
55,59.0.150.33,mlaundon1i
56,180.144.3.32,dmackstead1j
57,239.249.97.154,spincked1k
58,187.140.240.31,dcassels1l
59,204.116.6.120,dsaffrin1m
60,114.141.99.236,cflukes1n
61,187.6.25.99,pafield1o
62,223.43.142.27,kivanilov1p
63,64.99.142.87,cragles1q
64,248.39.19.82,bhammerstone1r
65,236.3.209.172,mtrenouth1s
66,211.135.135.69,kdomelaw1t
67,247.198.181.73,rallone1u
68,31.208.175.205,sbosma1v
69,255.9.141.31,mhatherley1w
70,124.212.225.169,dgrady1x
71,176.144.109.34,slakey1y
72,97.61.223.117,bdeeman1z
73,11.114.201.128,emaccallam20
74,140.43.119.179,epaylor21
75,108.136.138.116,nstoacley22
76,82.87.226.227,lborles23
77,155.28.202.50,cbrenston24
78,118.178.140.229,dmellish25
79,217.153.175.168,hhoundesome26
80,226.206.182.50,eloffhead27
81,79.168.242.82,cchantrell28
82,80.30.54.64,cpassler29
83,4.106.32.42,cdodgshon2a
84,85.0.6.187,aaisthorpe2b
85,74.86.9.252,eglamart2c
86,126.24.204.73,rdiego2d
87,171.108.88.163,cjest2e
88,252.44.57.69,nglendinning2f
89,132.126.34.142,eblackstock2g
90,179.34.141.18,mpearlman2h
91,117.105.195.194,kfetterplace2i
92,127.220.211.44,sdearden2j
93,110.28.11.233,niggalden2k
94,63.251.43.22,lundrill2l
95,187.3.126.181,gelrick2m
96,108.159.31.128,kcaghan2n
97,191.1.203.249,ularvent2o
98,69.118.24.96,mamy2p
99,154.240.122.177,aguyver2q
100,112.173.253.45,mlambotin2r
101,222.60.93.194,lcullinan2s
102,116.101.81.170,vomarkey2t
103,144.96.162.193,reblein2u
104,240.80.51.181,dhorley2v
105,199.189.16.40,syoules2w
106,128.75.156.200,lrosentholer2x
107,159.111.165.90,mjenkyn2y
108,41.249.204.110,rgodney2z
109,48.243.27.22,cserfati30
110,154.45.134.98,mibbitt31
111,254.248.62.232,jcordoba32
112,190.255.210.196,jgoschalk33
113,234.248.215.124,ocolles34
114,45.194.214.204,cmcall35
115,197.151.226.208,dcutbirth36
116,232.50.100.120,kerington37
117,246.81.30.66,bhalle38
118,110.195.86.123,erootes39
119,252.17.116.50,rarmor3a
120,164.239.76.105,pfrancais3b
121,125.54.118.10,dpitcaithly3c
122,5.103.247.36,mferraresi3d
123,222.217.42.228,llaboune3e
124,16.67.248.88,cmacgraith3f
125,225.161.29.119,oniblett3g
126,69.45.47.201,cseadon3h
127,231.235.148.27,pseagar3i
128,239.107.101.46,cmoralee3j
129,95.120.238.176,ayarmouth3k
130,33.134.60.95,crodwell3l
131,51.62.255.46,rmitchener3m
132,80.76.12.240,cpetrelluzzi3n
133,113.12.12.149,hglassopp3o
134,200.94.240.87,dosgarby3p
135,10.50.135.107,ocowern3q
136,38.242.96.219,acragoe3r
137,181.252.236.69,mwaumsley3s
138,255.15.148.43,maizlewood3t
139,23.93.115.245,eleak3u
140,141.18.203.146,pornells3v
141,159.124.205.61,iupex3w
142,62.112.187.207,sphoebe3x
143,92.63.40.67,bhearsey3y
144,110.121.24.248,hingon3z
145,41.217.82.195,ttrase40
146,92.64.196.98,shaps41
147,162.189.115.74,ghovel42
148,200.142.142.90,mfleetwood43
149,20.243.32.132,misles44
150,127.75.3.209,boddey45
151,108.200.211.58,dealles46
152,209.154.143.90,sjeacocke47
153,150.163.69.135,pjaffa48
154,147.206.131.31,morsi49
155,50.98.204.208,kpryer4a
156,68.161.135.189,hpuller4b
157,148.127.208.168,elevecque4c
158,229.216.227.255,atrousdell4d
159,108.173.76.91,tmacgeffen4e
160,230.220.186.211,acowmeadow4f
161,179.50.143.175,bschollar4g
162,56.92.174.73,csorrel4h
163,64.185.251.52,dmarkussen4i
164,118.31.206.31,gblood4j
165,72.224.127.200,machurch4k
166,115.39.234.145,rcattell4l
167,222.212.61.139,cjagger4m
168,224.108.91.30,bburrett4n
169,6.115.18.108,jscotson4o
170,151.39.65.4,ascorthorne4p
171,63.98.8.40,abolt4q
172,141.83.106.35,maspling4r
173,102.255.143.244,jmarie4s
174,219.236.63.208,abeeson4t
175,72.30.131.198,lroote4u
176,192.192.85.229,jtrorey4v
177,186.60.100.87,qesmead4w
178,241.208.15.97,jhirthe4x
179,26.228.243.53,rremer4y
180,76.28.202.252,elattin4z
181,187.29.88.99,nbagenal50
182,175.92.60.37,ahugnet51
183,135.217.201.242,odaleman52
184,22.244.12.6,bjodrelle53
185,82.104.234.104,rred54
186,82.75.247.142,agrzegorczyk55
187,246.42.101.246,jemmett56
188,166.245.146.3,dbootman57
189,206.45.76.128,gfullom58
190,171.222.120.205,uerbe59
191,138.98.161.132,mbirdsall5a
192,72.6.40.41,hcheshire5b
193,175.112.10.172,bdorey5c
194,245.11.14.171,pgenty5d
195,41.22.248.111,korae5e
196,33.78.47.124,mellcome5f
197,79.127.41.158,ftownes5g
198,77.68.115.230,weouzan5h
199,154.172.158.52,mhundy5i
200,249.232.194.39,alepage5j
201,180.149.89.173,ghambrook5k
202,59.208.44.13,adymocke5l
203,110.245.241.159,neble5m
204,111.0.27.53,sellissen5n
205,194.1.162.4,enewbold5o
206,176.172.6.143,fbangley5p
207,252.21.79.97,rbarnewall5q
208,79.8.64.4,rmarl5r
209,244.15.203.241,vbavin5s
210,175.2.62.231,cmonelle5t
211,198.42.25.21,ecastree5u
212,149.45.196.99,djablonski5v
213,174.239.48.146,ajoselevitch5w
214,20.121.234.30,yverden5x
215,255.108.95.109,rcroizier5y
216,96.57.143.91,ctyt5z
217,118.13.42.215,bminnis60
218,211.95.70.102,ajarvis61
219,146.38.241.196,tjeandet62
220,29.29.255.194,moneile63
221,171.99.77.31,ucanty64
222,247.180.150.218,mharmstone65
223,240.252.164.29,gmewis66
224,88.2.198.246,yveazey67
225,92.158.70.156,gwalshaw68
226,237.236.8.11,cayshford69
227,220.95.183.247,dphare6a
228,186.178.85.154,dhelsby6b
229,218.90.1.107,cattril6c
230,198.196.253.91,afranck6d
231,69.196.23.87,cmawer6e
232,227.171.39.206,amustoo6f
233,191.65.110.224,amarzelo6g
234,201.139.10.37,arookledge6h
235,200.36.151.226,bdunaway6i
236,164.138.154.110,sfoskew6j
237,137.137.185.20,dcoggell6k
238,216.154.252.136,cludlow6l
239,33.167.209.2,dchalmers6m
240,34.125.75.183,afolomin6n
241,189.75.212.15,aeschalette6o
242,68.91.18.118,cshalders6p
243,13.212.64.40,grobinson6q
244,47.45.25.97,jsambals6r
245,194.132.120.210,rnewbury6s
246,1.3.161.0,bluckings6t
247,210.16.108.71,mplaydon6u
248,195.87.84.24,gmenault6v
249,141.31.234.118,eblackaby6w
250,158.126.70.52,smedling6x
251,10.161.214.78,tgerty6y
252,21.127.80.53,ddungay6z
253,158.133.45.174,tdanick70
254,56.135.194.171,etwentyman71
255,170.14.197.208,sgimbrett72
256,43.5.182.200,mbranch73
257,20.204.5.150,kdelucia74
258,48.6.146.211,bjantet75
259,4.247.60.210,ajenyns76
260,195.153.74.112,clevey77
261,199.30.66.121,dlemary78
262,154.14.202.228,lhaddleton79
263,146.69.237.218,msenechell7a
264,113.191.58.2,shardin7b
265,7.154.56.209,pedwins7c
266,115.125.147.201,bfarnin7d
267,63.106.60.109,mchallenor7e
268,238.204.237.63,dgisbourn7f
269,100.22.23.201,gthornley7g
270,133.149.137.241,ksimeone7h
271,143.125.109.59,jcusworth7i
272,182.21.14.153,mosuaird7j
273,174.18.2.114,fkopman7k
274,177.184.201.38,efrisel7l
275,108.179.217.63,cbrimner7m
276,12.102.110.173,lglyn7n
277,146.237.247.132,reinchcombe7o
278,217.158.211.114,owilkin7p
279,247.140.87.45,cruselin7q
280,105.70.135.27,grubinsky7r
281,167.64.187.153,kwagerfield7s
282,100.202.116.63,bduthie7t
283,109.194.105.159,cblunsum7u
284,78.108.16.101,nbellinger7v
285,207.224.207.81,fdarter7w
286,57.245.246.57,ydearle7x
287,111.125.46.129,vdelos7y
288,33.47.176.7,ltift7z
289,111.8.247.222,cbarney80
290,217.113.215.185,jdressell81
291,186.98.101.255,rjumont82
292,232.158.115.30,epearsey83
293,137.14.227.24,tbaglin84
294,162.58.167.42,smosedale85
295,222.167.56.60,bbenedite86
296,44.50.141.209,feastmond87
297,144.66.32.225,dyemm88
298,34.11.245.158,gnorthridge89
299,171.232.85.100,hbelchamp8a
300,151.240.124.111,kprestidge8b
301,114.151.64.84,plouden8c
302,247.1.4.119,dbryers8d
303,162.138.168.201,cjoyson8e
304,147.31.183.16,sgionettitti8f
305,49.170.16.217,kmepsted8g
306,192.129.91.33,mgerty8h
307,133.29.200.213,tolivas8i
308,113.113.217.10,jsenyard8j
309,119.139.207.191,jhinz8k
310,167.40.129.97,ddezamora8l
311,195.251.107.40,agilchrist8m
312,92.43.22.62,sshear8n
313,165.209.28.4,cerley8o
314,38.110.246.223,arisbridger8p
315,131.16.23.124,bkeggins8q
316,140.186.192.249,ipitt8r
317,60.120.243.83,jbaird8s
318,21.240.222.63,uanglim8t
319,4.209.221.104,emanis8u
320,251.169.98.23,kbuglar8v
321,172.207.44.219,mcholton8w
322,2.109.227.74,hrosellini8x
323,7.228.134.231,varmiger8y
324,24.151.205.217,gmeron8z
325,144.93.138.235,tben90
326,236.49.149.184,hfaragan91
327,189.111.161.145,jgoudman92
328,15.9.196.250,mtwiddy93
329,48.167.254.73,cpawelski94
330,102.212.25.110,lpitceathly95
331,98.13.32.77,vcockitt96
332,243.155.11.153,abarth97
333,57.251.91.91,srobben98
334,249.219.18.233,vwithnall99
335,247.56.170.183,kvassano9a
336,218.137.202.121,hcaseley9b
337,24.211.239.75,amattiassi9c
338,60.96.107.6,scuree9d
339,208.125.107.4,mneary9e
340,51.104.181.131,wgrubbe9f
341,35.9.201.21,rbrauns9g
342,22.133.234.206,eguittet9h
343,52.79.172.240,waishford9i
344,255.185.182.7,sbenza9j
345,110.54.241.35,mgarham9k
346,32.32.43.173,cfilan9l
347,131.72.121.108,sfontaine9m
348,75.170.16.228,lpumphrey9n
349,62.54.182.185,lberriman9o
350,170.219.147.211,ccalvard9p
351,217.44.211.226,bangear9q
352,222.203.17.36,fbarthelemy9r
353,201.15.17.249,jwhorlow9s
354,114.7.77.33,kdjuricic9t
355,176.170.222.226,mhatter9u
356,66.239.139.118,jdartnall9v
357,96.208.249.105,scritch9w
358,103.236.84.224,dredrup9x
359,164.145.137.177,mletertre9y
360,195.193.73.42,jlearoid9z
361,103.151.134.143,cmencia0
362,77.13.202.179,ktobya1
363,126.82.166.177,wsymonsa2
364,71.128.108.56,inaultya3
365,172.12.174.48,rastilla4
366,14.217.8.137,mcromartya5
367,185.149.137.103,acarringtona6
368,216.130.48.151,ljeffressa7
369,163.202.87.239,manneya8
370,193.65.219.203,jrendera9
371,170.27.144.92,hschwanderaa
372,125.26.119.2,jstronoughab
373,65.31.120.129,ybarrottac
374,18.51.56.237,dparvinad
375,235.202.166.228,cburttae
376,211.118.168.234,tdominighiaf
377,245.153.112.45,loduaneag
378,73.51.145.183,lsweetah
379,72.2.3.64,sleopoldai
380,94.177.71.212,lbrimilcombeaj
381,172.162.237.15,hhintzerak
382,63.231.71.24,alittlejohnsal
383,221.176.212.89,gasheam
384,194.15.50.121,tkleinstuban
385,51.5.40.253,mdedenhamao
386,209.185.23.94,tmacdearmidap
387,218.76.27.227,alabbeaq
388,29.228.253.86,atothear
389,75.233.173.10,tlomasnyas
390,65.229.169.171,amarzelloat
391,103.81.121.254,jbasnettau
392,158.6.155.91,achaplainav
393,149.210.190.228,dableaw
394,42.41.69.176,dhedauax
395,217.47.93.113,tbeedonay
396,169.224.119.15,twycliffaz
397,164.28.142.226,bripperb0
398,72.227.199.171,jsherreardb1
399,234.5.252.26,bgilardonib2
400,9.166.135.129,kmannersb3
401,58.158.3.150,msmeethb4
402,248.144.160.100,fbettyb5
403,200.159.148.63,maizlewoodb6
404,40.76.199.50,qnevinsonb7
405,201.94.42.55,eimpletonb8
406,198.102.217.34,atarrierb9
407,240.183.155.29,awrathallba
408,217.138.5.125,emontacutebb
409,41.32.122.136,jbooseybc
410,245.200.12.230,ffotheringhambd
411,44.200.178.91,rweaversbe
412,171.186.205.80,rweabenbf
413,151.28.15.206,vduffreebg
414,88.72.59.38,toswaldbh
415,79.229.190.151,abehrensbi
416,159.27.218.215,elowlessbj
417,19.45.63.184,kjoselinbk
418,51.114.54.171,ddonlonbl
419,117.237.47.201,cscreechbm
420,175.189.82.134,rgrandisonbn
421,226.128.206.172,qschrievesbo
422,254.210.149.155,marunowiczbp
423,20.239.213.161,sstrippbq
424,89.245.104.92,grochellbr
425,164.167.69.65,rmacconneelybs
426,219.36.78.80,mlastbt
427,228.243.138.112,tsouthcombebu
428,37.110.123.140,cspawforthbv
429,37.44.111.117,coutridgebw
430,242.109.194.97,bdenkinbx
431,56.101.159.75,wmalekby
432,193.198.43.54,jsalmenbz
433,106.164.239.221,tdrewittc0
434,55.11.7.255,bhanniganc1
435,115.179.161.111,eanyonc2
436,241.136.186.250,gfitzsimonc3
437,210.151.39.141,cduplantierc4
438,158.186.249.168,lpuckringc5
439,238.169.236.174,dcushc6
440,163.41.108.225,jolliverc7
441,207.193.109.149,echurmsc8
442,174.202.166.140,aducroec9
443,6.81.143.157,grobinsonca
444,175.125.169.108,acabrercb
445,106.92.196.109,fdrewrycc
446,54.143.69.199,bbrocklesbycd
447,207.254.14.22,wpottlece
448,70.75.238.135,lbirtleycf
449,71.182.196.109,efawkecg
450,115.127.169.39,ocapenerch
451,196.111.3.107,ewealdci
452,9.154.83.57,lblastockcj
453,2.203.156.110,dporrittck
454,159.148.113.130,dburgoinecl
455,19.238.251.179,mcolescm
456,206.223.137.5,sshilvockcn
457,164.226.100.177,kaspellco
458,195.41.148.217,earntzencp
459,232.50.83.187,gglenncq
460,32.159.120.29,thakeworthcr
461,82.34.188.10,estovellcs
462,54.173.60.85,dflatmanct
463,76.185.189.176,bpetroviccu
464,108.246.166.26,mconfortcv
465,162.162.255.99,dellscw
466,5.141.115.201,bbeavingtoncx
467,193.29.73.152,dstrankscy
468,168.143.191.76,asleneycz
469,68.233.213.151,hjenkind0
470,97.139.7.203,gyosevitzd1
471,20.78.152.76,yburgissd2
472,179.109.184.233,tshierd3
473,86.206.60.228,chuggilld4
474,212.152.38.16,dbranneyd5
475,17.170.16.79,mbenoistd6
476,58.157.131.69,mhonatschd7
477,23.5.250.62,scolvind8
478,213.55.135.149,acalafatod9
479,71.26.167.248,wbiggerstaffda
480,80.139.213.231,dwhitmoredb
481,108.68.237.137,dcrewedc
482,252.60.214.113,choutbiedd
483,4.39.57.3,kyushkovde
484,218.137.202.134,ndecastelaindf
485,188.171.189.38,fapfelmanndg
486,184.122.43.169,kcaizleydh
487,72.60.240.230,kgodaindi
488,23.114.163.51,kezzelldj
489,2.26.142.23,pcammdk
490,90.173.130.226,rbadseydl
491,72.51.164.139,kteglerdm
492,12.165.212.64,iwinksdn
493,6.223.224.203,jbatrickdo
494,160.195.240.37,bsandilandsdp
495,127.188.230.204,rbeartupdq
496,103.1.176.192,tsuscensdr
497,163.162.99.156,nliverockds
498,85.36.176.245,dhackworthdt
499,28.170.211.216,ostrutedu
500,24.171.121.50,enutbeandv
501,68.181.203.155,masburydw
502,42.104.117.34,hchrystaldx
503,47.136.113.183,vferreirody
504,25.17.146.98,edeboickdz
505,177.141.73.148,tepinee0
506,238.211.113.174,oreimere1
507,221.197.163.183,crodolicoe2
508,80.77.184.32,klivingstone3
509,38.66.123.230,glittleye4
510,248.113.238.27,hpotkine5
511,145.132.179.1,kmacglorye6
512,173.3.247.40,cmoroe7
513,249.217.193.185,kparrotte8
514,1.42.100.114,shorrye9
515,217.23.102.163,bsexstoneea
516,27.147.85.60,rheffordeeb
517,245.52.199.203,cbettisonec
518,225.6.92.252,gcardozoed
519,155.177.224.50,fwindlessee
520,207.12.63.29,javesonef
521,143.30.153.212,bspitaroeg
522,47.74.166.96,dfatherseh
523,125.214.141.79,crennickei
524,39.184.98.31,apigdenej
525,226.90.61.208,barroek
526,204.222.138.192,ascyoneel
527,183.223.164.78,ifollanem
528,124.9.164.82,ihardwicken
529,197.124.189.25,sdradeyeo
530,221.34.6.186,bpywellep
531,167.107.235.57,biveseq
532,138.16.153.193,vmurriller
533,187.115.115.19,ajosoviches
534,227.252.4.34,tragotet
535,176.140.190.115,wohagertyeu
536,230.97.71.23,fcotteeev
537,16.221.33.17,llilleew
538,95.56.48.47,fkarlicekex
539,196.77.9.188,mdingsdaleey
540,216.176.202.90,smccrackanez
541,162.156.93.151,bstaynesf0
542,27.130.191.145,daikmanf1
543,237.236.75.178,glandsbergf2
544,194.239.245.220,gscourgef3
545,191.136.42.25,cbrawsonf4
546,28.88.112.14,djanovskyf5
547,71.112.30.137,mjanousf6
548,45.13.154.12,alambertciorwynf7
549,64.252.134.38,vrihaf8
550,143.60.247.31,jmcowisf9
551,195.200.67.151,jsharpefa
552,251.175.63.221,jfeldfisherfb
553,144.114.53.240,htansillfc
554,45.249.205.79,jbendittfd
555,212.197.224.95,pimlinfe
556,251.69.217.57,tyausff
557,11.239.18.24,hearthfieldfg
558,207.140.252.14,jculleyfh
559,68.230.206.89,nstutherfi
560,126.9.27.124,slamyfj
561,219.207.205.161,lfaichneyfk
562,116.14.18.236,blegallefl
563,93.218.146.83,tsummerleyfm
564,24.166.175.61,smckeranfn
565,107.159.134.215,zheningamfo
566,12.14.191.51,aingledewfp
567,60.114.188.110,dbatcheldorfq
568,224.178.184.95,agreiswoodfr
569,149.41.107.195,missettfs
570,232.42.90.218,wtrickerft
571,3.236.240.97,aharriagnfu
572,123.37.53.211,gduffanfv
573,147.146.131.12,fwyperfw
574,123.158.254.64,tshyrefx
575,81.137.221.129,ggrewcockfy
576,117.94.90.156,bbugdallfz
577,155.98.96.160,goggerg0
578,49.112.153.252,glongstreetg1
579,147.49.158.203,gitzaksong2
580,77.19.67.138,swaleg3
581,71.89.66.171,doretg4
582,240.239.96.104,castberyg5
583,68.17.5.198,wclarksong6
584,84.207.169.94,dsyselandg7
585,187.157.247.16,ebarstowg8
586,102.164.166.71,ecolbridgeg9
587,57.248.10.239,pbrownillga
588,190.183.27.199,lfittergb
589,130.248.79.238,wstokegc
590,83.137.214.3,csimounetgd
591,234.103.251.249,spetzoltge
592,152.169.240.218,kmayesgf
593,62.220.121.245,cgilloppgg
594,167.237.34.87,mtitcombegh
595,112.11.21.228,ahickenbottomgi
596,211.23.114.10,hdrinkhillgj
597,163.169.122.22,dbarlacegk
598,105.165.147.88,ehellcatgl
599,214.109.155.112,ocalleargm
600,237.59.5.46,cjecksgn
601,86.244.49.40,vbondygo
602,84.145.202.129,dgrafomgp
603,193.163.33.242,bspillardgq
604,115.29.168.159,kpettingillgr
605,166.24.202.240,tmatijasevicgs
606,26.250.145.198,vlindgrengt
607,248.173.90.33,wfeathersgu
608,242.106.1.25,mfassangv
609,130.227.102.134,gverbruggengw
610,34.170.250.222,nleiboldgx
611,120.187.194.151,eaggiogy
612,133.244.10.200,tduffieldgz
613,44.189.44.41,ccroptonh0
614,34.33.127.252,aalonsoh1
615,32.144.231.24,gbeinh2
616,198.66.208.26,tmoodyh3
617,113.104.15.16,bfodenh4
618,51.122.123.169,nashnessh5
619,203.180.106.57,tgowarh6
620,224.174.157.43,jsulmanh7
621,127.50.132.192,vwilliamh8
622,18.168.138.35,jjacobsonh9
623,211.113.28.9,kdrinkwaterha
624,71.171.209.154,smcgluehb
625,174.126.161.176,aleadleyhc
626,26.157.147.229,mbeevershd
627,84.3.99.221,wleavesleyhe
628,185.65.189.2,nshoulderhf
629,207.114.34.196,nbreitlerhg
630,65.2.9.103,nabdeyhh
631,78.219.214.247,keilershi
632,9.243.93.236,lgelsthorpehj
633,37.8.60.185,cquincehk
634,191.233.60.97,hlindenboimhl
635,195.98.34.242,dproudhm
636,251.37.104.26,eeytonhn
637,150.94.148.150,jdiableho
638,209.137.21.226,bmcqueenhp
639,241.174.207.215,apamplinhq
640,57.160.90.4,kbaswallhr
641,50.18.249.190,pmurisonhs
642,158.117.85.196,ssevittht
643,8.224.246.55,bgeatorhu
644,194.93.255.60,ahallgatehv
645,170.196.82.58,mbyrdhw
646,91.92.228.228,ggaulerhx
647,37.171.140.234,kslanehy
648,211.174.224.56,mmilleyhz
649,224.28.236.200,ghoonahani0
650,251.0.79.96,jdugglebyi1
651,114.249.81.2,bschulzei2
652,29.214.239.120,mdeningtoni3
653,73.11.16.211,srobezi4
654,14.50.69.33,mlarmouri5
655,229.209.251.155,slowndesi6
656,94.27.98.37,agerrietzi7
657,63.239.175.236,ctebbei8
658,107.136.146.179,niveryi9
659,124.238.192.252,tvandermarkia
660,151.58.137.74,msherelib
661,10.75.34.87,asimonninic
662,228.138.196.104,nwoolattid
663,200.208.49.165,alimpertzie
664,172.4.22.219,spepallif
665,215.25.113.61,bmoretonig
666,14.134.75.78,rbrickih
667,218.243.169.20,mduftonii
668,210.190.76.80,baucuttij
669,184.47.37.92,etuckwoodik
670,245.5.153.21,awicksil
671,89.140.254.215,ltredgerim
672,172.5.184.169,ahumphrisin
673,24.84.237.189,abartlomieczakio
674,46.215.36.141,epolglaseip
675,146.236.60.55,ageffeniq
676,188.121.142.49,mfayerbrotherir
677,255.72.68.2,bjurgensonis
678,27.141.218.152,rquinionit
679,215.171.141.207,hgalieroiu
680,183.85.55.96,wmingeriv
681,203.210.254.135,sulyatiw
682,178.77.172.127,smityushinix
683,30.247.176.22,cstonhouseiy
684,245.110.36.47,njaniciz
685,236.44.112.220,sfilonj0
686,246.175.26.27,saspinj1
687,174.190.50.191,cwillcoxj2
688,32.46.203.208,ewilkensonj3
689,142.224.142.99,mjamisonj4
690,130.44.137.197,ehaileyj5
691,25.123.138.10,smarunchakj6
692,152.19.222.185,mboggishj7
693,5.93.250.233,atretterj8
694,186.183.64.111,ctargetterj9
695,2.181.55.200,srammja
696,221.217.85.37,nblythjb
697,56.29.178.24,ckilfoylejc
698,100.109.254.252,lfearnyoughjd
699,61.148.154.78,nrawlingje
700,231.202.28.194,gcessfordjf
701,131.251.166.90,cpatchettjg
702,100.143.60.80,rjekylljh
703,195.204.205.37,dmckinnaji
704,156.164.206.1,dspightjj
705,241.125.67.154,troofejk
706,229.123.112.190,jfarmanjl
707,70.119.226.251,droddiejm
708,67.48.70.142,vbonairejn
709,234.57.86.113,fhandoverjo
710,136.45.146.203,scaplenjp
711,112.18.227.234,dpropperjq
712,18.161.162.159,irowseljr
713,27.222.176.17,lwhittockjs
714,213.94.64.105,byurchenkojt
715,32.114.68.202,fstolbergju
716,252.131.52.181,khadleyjv
717,0.90.89.214,rdummiganjw
718,202.55.4.73,mwabeyjx
719,55.171.218.214,gsousajy
720,59.155.187.178,ranthiftlejz
721,17.59.41.164,icollefordk0
722,122.219.250.79,eoflavertyk1
723,159.162.36.18,rmorphetk2
724,167.174.237.159,ejobbinsk3
725,142.26.79.99,tgayforthk4
726,70.88.75.102,pdenek5
727,90.150.75.206,riannellik6
728,83.128.39.207,espinask7
729,195.192.213.82,soxborrowk8
730,124.243.10.234,mlocalk9
731,184.77.96.135,jjoseburyka
732,231.148.207.210,flongdenkb
733,221.153.164.204,kbucknellkc
734,25.16.128.31,cgraalkd
735,252.169.197.250,gvickarke
736,37.33.70.188,cnormavillkf
737,175.39.53.162,bpittwoodkg
738,22.75.75.102,cedmottkh
739,104.55.154.46,bbergeki
740,21.55.170.64,btonguekj
741,7.141.87.229,tspornerkk
742,236.67.176.116,mphytheankl
743,98.26.216.229,dcluittkm
744,231.50.144.106,ddymentkn
745,126.71.144.81,lalleynko
746,88.220.78.118,cfeaseykp
747,231.204.26.209,vsambeckkq
748,204.176.30.169,dmildmottkr
749,88.124.178.181,jayarsks
750,183.230.56.202,santhoinekt
751,183.132.121.178,bdufoureku
752,140.186.249.106,emckerleykv
753,131.91.185.76,hvallerykw
754,240.81.249.110,mperrinkx
755,77.254.203.135,rrossantky
756,45.192.216.18,smontfordkz
757,208.121.212.188,nkermottl0
758,10.159.194.6,rgiacovazzol1
759,72.17.142.125,mprewerl2
760,21.160.60.90,apunshonl3
761,190.28.145.229,jackredl4
762,218.250.34.85,rminardl5
763,203.83.37.89,lmacfarlanl6
764,251.219.249.128,pchastanl7
765,83.220.190.249,zedwickerl8
766,102.101.95.240,dkirklandl9
767,76.126.96.202,mhuskela
768,19.104.198.52,landerlb
769,163.102.163.102,jmcmichanlc
770,213.192.104.7,nwornerld
771,11.163.70.23,jeannettale
772,243.245.166.83,mmacrurylf
773,68.88.66.83,hpacittilg
774,84.190.139.124,asmithamlh
775,8.32.184.119,aheissli
776,98.36.43.234,mbridelllj
777,2.130.228.161,klillegardlk
778,27.252.225.211,mwitheringtonll
779,69.58.59.98,jbernardeslm
780,77.5.234.190,cvercruysseln
781,68.0.77.6,jroutlo
782,97.49.79.133,fmohammedlp
783,187.54.184.185,twhitterslq
784,133.202.143.148,emiliffelr
785,36.230.60.2,ybriscamls
786,32.223.241.6,rlavignelt
787,206.143.107.202,cgoudardlu
788,53.246.235.155,lphonixlv
789,88.197.97.119,cferraslw
790,244.121.97.19,rkalinskylx
791,167.230.37.203,fmallowsly
792,183.42.44.177,idevauxlz
793,64.82.118.28,mbeaginm0
794,142.10.197.195,tmagranem1
795,204.163.105.216,ldenleym2
796,62.212.93.217,sbrimhamm3
797,12.248.56.24,mpavierm4
798,13.138.49.214,socriganm5
799,249.164.225.124,eleybandm6
800,219.61.165.93,ssentm7
801,23.25.132.39,jcantim8
802,235.197.159.140,jfierrom9
803,90.118.3.7,bbreconma
804,235.86.123.128,snellmb
805,222.61.211.125,dmerrywethermc
806,242.136.65.69,grossonmd
807,6.194.207.133,sladbrookme
808,41.81.124.144,fmcasparanmf
809,46.180.23.138,lstiantmg
810,75.54.195.99,dthowesmh
811,62.4.152.27,xhaffordmi
812,255.180.236.216,emcelhargymj
813,76.213.133.47,bbinsteadmk
814,129.108.95.47,aantonyml
815,127.239.72.17,cshackletonmm
816,100.74.105.99,tphalpmn
817,51.93.150.168,rdurakmo
818,254.120.159.128,igibbonmp
819,155.6.212.131,hgillogleymq
820,109.175.192.69,gmonteathmr
821,251.88.164.215,kaloshechkinms
822,3.201.182.251,waschmt
823,31.195.152.188,mcobbledmu
824,212.159.170.72,dboulgermv
825,180.66.138.79,wknowlysmw
826,151.89.122.81,egammonmx
827,157.162.201.93,icrellimmy
828,219.242.66.4,schatainmz
829,102.241.86.30,nreddelln0
830,30.30.99.166,ptabardn1
831,152.84.1.181,cguiteln2
832,142.112.105.226,leddyn3
833,73.182.186.53,lbigleyn4
834,134.242.15.61,mgouldstonen5
835,234.52.11.134,hsouzan6
836,3.150.98.238,tkroinn7
837,128.150.23.206,mhauchn8
838,101.127.157.152,dallcornn9
839,75.145.69.73,dpetrichatna
840,243.27.209.95,carmornb
841,249.188.158.237,wbusenc
842,63.115.122.206,gtingleynd
843,204.35.41.50,rknightne
844,141.24.235.96,lcauldfieldnf
845,182.174.213.117,lmcalindenng
846,76.58.124.216,vfurmongernh
847,159.220.145.34,mshaylerni
848,114.56.69.104,smeijernj
849,99.64.189.65,edanilovicnk
850,238.165.82.99,ssowersbynl
851,237.15.223.95,bdregernm
852,174.135.33.245,gbrenardnn
853,33.119.36.47,mloadsmanno
854,114.140.116.88,cmiettinennp
855,170.105.247.199,ogandynq
856,127.190.100.76,dmctrustamnr
857,238.165.43.67,dpeidrons
858,219.115.169.20,tbailesnt
859,138.22.57.155,dstockeynu
860,186.169.53.108,asolesburynv
861,228.19.209.50,alorrymannw
862,163.189.197.189,cgooseynx
863,124.249.199.195,dlehrerny
864,33.163.91.64,aearngynz
865,250.98.146.13,bsumpnero0
866,86.215.93.173,rcannano1
867,67.223.67.247,mlageo2
868,187.67.123.171,hobingtono3
869,43.121.91.220,bmcmechano4
870,208.224.108.69,rsansuno5
871,188.227.76.143,mebhardto6
872,60.229.19.144,lrearieo7
873,179.238.195.236,bpaulmanno8
874,109.189.118.16,cshillabeero9
875,211.46.90.214,obandeyoa
876,77.130.158.164,wsnelsonob
877,55.51.25.4,rciraldooc
878,58.91.193.71,bscawtonod
879,120.160.129.125,iattooe
880,6.78.249.179,awrathmellof
881,54.163.193.113,mhamblinog
882,28.6.83.123,ydewittoh
883,224.95.18.19,dnormanvelloi
884,140.227.79.26,jwhitewoodoj
885,27.13.255.33,tbarleyok
886,38.163.113.241,ipackerol
887,77.219.108.176,nniseom
888,61.42.109.52,fjenicekon
889,248.21.63.1,rklimschakoo
890,229.182.180.192,adunbavinop
891,74.37.123.83,ndahloq
892,131.218.112.210,vhalladayor
893,66.209.254.167,fcotheyos
894,66.202.144.43,emacgilleot
895,203.177.126.104,smckendoou
896,227.81.160.227,berwinov
897,64.144.179.161,ffarrentow
898,25.45.66.182,owinksox
899,234.173.128.207,snegusoy
900,120.122.146.220,tmillandoz
901,31.178.157.80,gbesantp0
902,70.92.161.27,vtinsleyp1
903,6.203.230.142,jroydonp2
904,12.153.132.141,itoopinp3
905,141.196.116.89,idop4
906,111.160.16.2,jwoolisp5
907,187.211.82.64,dmccaughenp6
908,46.193.234.2,tdignallp7
909,45.68.65.137,fantonomoliip8
910,206.94.9.79,bburchettp9
911,138.197.44.72,ymacginneypa
912,69.216.171.159,pmeredithpb
913,16.110.154.246,ebudgetpc
914,239.122.160.77,bkezorpd
915,118.181.191.225,athurbonpe
916,188.165.14.115,kbarwoodpf
917,43.109.252.218,bgiovaniziopg
918,244.183.74.123,jvasilmanovph
919,156.85.4.25,astewardpi
920,236.10.205.149,jbrabenpj
921,250.49.173.47,sliepinspk
922,144.124.229.151,kgaytherpl
923,178.221.235.216,jfrogleypm
924,246.69.70.3,ldonovanpn
925,85.131.52.4,bsilmonpo
926,51.47.92.122,dgullypp
927,195.215.70.118,ekibardpq
928,80.163.160.72,cmordacaipr
929,21.73.33.166,hschoroderps
930,8.202.171.198,adahlpt
931,253.199.3.0,dshaplandpu
932,187.156.68.209,mkurtispv
933,188.26.56.217,twillingampw
934,131.60.63.218,corrowpx
935,248.182.229.209,rlerwellpy
936,61.45.143.41,kborzonipz
937,33.185.217.166,ndobsonsq0
938,142.248.69.249,cmoffetq1
939,51.16.239.196,eknightsbridgeq2
940,84.148.45.8,gmotteq3
941,54.109.53.156,medgeonq4
942,231.165.25.236,bplomerq5
943,157.184.175.81,dschuelckeq6
944,149.18.134.195,bgwynethq7
945,137.77.65.167,jtretheweyq8
946,42.17.206.92,zdudderidgeq9
947,125.226.101.144,dclamoqa
948,204.227.238.114,jreicherzqb
949,182.72.248.209,byeowellqc
950,243.21.11.208,lcranqd
951,108.115.5.142,cshellidayqe
952,240.154.251.59,emcalisterqf
953,141.186.186.73,pnassyqg
954,129.7.255.252,skirkpatrickqh
955,78.148.215.161,kshallcrassqi
956,111.69.163.110,amathwenqj
957,55.149.119.210,afleethamqk
958,236.197.216.182,brumseyql
959,34.209.214.53,fbelliniqm
960,151.129.29.211,jchomleyqn
961,81.63.34.250,oasserqo
962,194.170.17.86,askillqp
963,240.87.34.204,cboordqq
964,126.81.246.201,bgirkinsqr
965,100.72.27.9,ahymusqs
966,52.216.171.235,mspaingowerqt
967,158.138.239.247,lcowingqu
968,51.233.80.75,afollosqv
969,13.146.223.135,kcobbyqw
970,126.225.19.48,banfussoqx
971,155.232.209.49,hapsqy
972,113.229.187.237,wdukeqz
973,168.150.10.43,csaintsburyr0
974,204.16.35.183,aciceror1
975,34.84.75.165,gkehrir2
976,10.68.87.116,dpidlerr3
977,218.50.104.190,dhuelinr4
978,23.252.57.142,gluckinr5
979,115.218.157.140,csukbhansr6
980,111.52.145.86,amacparlanr7
981,125.42.1.34,kmcnickler8
982,244.46.102.253,gdelafieldr9
983,229.224.71.101,cwiskerra
984,247.69.213.235,rsextenrb
985,167.36.130.219,gbattissonrc
986,106.204.157.50,jmcdermottrowrd
987,161.235.203.250,efroschauerre
988,192.84.229.143,cloddyrf
989,30.212.148.237,mapfelmannrg
990,144.157.27.13,fekellrh
991,134.40.224.187,dcarderori
992,167.79.66.229,rthorleyrj
993,23.221.137.209,bingrayrk
994,250.118.144.240,mbarbyrl
995,39.41.251.140,wlaiblerm
996,119.242.214.78,tfilppettirn
997,91.243.232.18,rburttro
998,231.163.38.99,ledmedrp
999,147.150.68.29,wmulderrigrq
1000,189.105.146.221,kmepstedrr